<?xml version="1.0" encoding="utf-8"?>
<SoundBanksInfo Platform="Windows" BasePlatform="Windows" SchemaVersion="11" SoundbankVersion="134">
	<RootPaths>
		<ProjectRoot>C:\Users\Theo Leyenda\Desktop\School-s-Out-\Prototipo-1\School's Out!! sesion wwise\</ProjectRoot>
		<SourceFilesRoot>C:\Users\Theo Leyenda\Desktop\School-s-Out-\Prototipo-1\School's Out!! sesion wwise\.cache\Windows\</SourceFilesRoot>
		<SoundBanksRoot>C:\Users\Theo Leyenda\Desktop\School-s-Out-\Prototipo-1\School's Out!! sesion wwise\GeneratedSoundBanks\Windows\</SoundBanksRoot>
		<ExternalSourcesInputFile></ExternalSourcesInputFile>
		<ExternalSourcesOutputRoot>C:\Users\Theo Leyenda\Desktop\School-s-Out-\Prototipo-1\School's Out!! sesion wwise\GeneratedSoundBanks\Windows</ExternalSourcesOutputRoot>
	</RootPaths>
	<DialogueEvents/>
	<StreamedFiles/>
	<MediaFilesNotInAnyBank/>
	<SoundBanks>
		<SoundBank Id="1355168291" Language="SFX">
			<ObjectPath>Init</ObjectPath>
			<ShortName>Init</ShortName>
			<Path>Init.bnk</Path>
		</SoundBank>
		<SoundBank Id="3161908922" Language="SFX">
			<ObjectPath>\SoundBanks\Default Work Unit\main</ObjectPath>
			<ShortName>main</ShortName>
			<Path>main.bnk</Path>
			<IncludedEvents>
				<Event Id="4123893398" Name="ataque_especial_gotica_op1" ObjectPath="\Events\Default Work Unit\Evento Ataque Especial Gotica\ataque_especial_gotica_op1" DurationType="OneShot" DurationMin="18.639433" DurationMax="18.639433"/>
				<Event Id="4123893397" Name="ataque_especial_gotica_op2" ObjectPath="\Events\Default Work Unit\Evento Ataque Especial Gotica\ataque_especial_gotica_op2" DurationType="OneShot" DurationMin="19.058662" DurationMax="19.058662"/>
				<Event Id="3538579611" Name="ataque_especial_tomboy_op1" ObjectPath="\Events\Default Work Unit\Evento Ataque Especial Tomboy\ataque_especial_tomboy_op1" DurationType="OneShot" DurationMin="0.641066" DurationMax="0.641066"/>
				<Event Id="3538579608" Name="ataque_especial_tomboy_op2" ObjectPath="\Events\Default Work Unit\Evento Ataque Especial Tomboy\ataque_especial_tomboy_op2" DurationType="OneShot" DurationMin="0.405964" DurationMax="0.405964"/>
				<Event Id="3538579609" Name="ataque_especial_tomboy_op3" ObjectPath="\Events\Default Work Unit\Evento Ataque Especial Tomboy\ataque_especial_tomboy_op3" DurationType="OneShot" DurationMin="1.398617" DurationMax="1.398617"/>
				<Event Id="3214022966" Name="botella_romper" ObjectPath="\Events\Default Work Unit\botella_romper" DurationType="OneShot" DurationMin="0.667664" DurationMax="0.667664"/>
				<Event Id="3870729452" Name="caer" ObjectPath="\Events\Default Work Unit\caer" DurationType="OneShot" DurationMin="0.281837" DurationMax="0.281837"/>
				<Event Id="3406505131" Name="despausar" ObjectPath="\Events\Default Work Unit\despausar" DurationType="OneShot" DurationMin="1.846168" DurationMax="1.846168"/>
				<Event Id="3500222699" Name="diana_golpeada_op1" ObjectPath="\Events\Default Work Unit\Eventos Diano Golpeada\diana_golpeada_op1" DurationType="OneShot" DurationMin="0.660448" DurationMax="0.660448"/>
				<Event Id="3500222696" Name="diana_golpeada_op2" ObjectPath="\Events\Default Work Unit\Eventos Diano Golpeada\diana_golpeada_op2" DurationType="OneShot" DurationMin="0.677500" DurationMax="0.677500"/>
				<Event Id="3500222697" Name="diana_golpeada_op3" ObjectPath="\Events\Default Work Unit\Eventos Diano Golpeada\diana_golpeada_op3" DurationType="OneShot" DurationMin="0.441633" DurationMax="0.441633"/>
				<Event Id="3500222702" Name="diana_golpeada_op4" ObjectPath="\Events\Default Work Unit\Eventos Diano Golpeada\diana_golpeada_op4" DurationType="OneShot" DurationMin="0.329841" DurationMax="0.329841"/>
				<Event Id="3500222703" Name="diana_golpeada_op5" ObjectPath="\Events\Default Work Unit\Eventos Diano Golpeada\diana_golpeada_op5" DurationType="OneShot" DurationMin="0.311270" DurationMax="0.311270"/>
				<Event Id="3500222700" Name="diana_golpeada_op6" ObjectPath="\Events\Default Work Unit\Eventos Diano Golpeada\diana_golpeada_op6" DurationType="OneShot" DurationMin="0.375419" DurationMax="0.375419"/>
				<Event Id="3500222701" Name="diana_golpeada_op7" ObjectPath="\Events\Default Work Unit\Eventos Diano Golpeada\diana_golpeada_op7" DurationType="OneShot" DurationMin="0.334036" DurationMax="0.334036"/>
				<Event Id="1464367099" Name="empate" ObjectPath="\Events\Default Work Unit\empate" DurationType="OneShot" DurationMin="0.000000" DurationMax="0.000000"/>
				<Event Id="997344291" Name="especial_lista" ObjectPath="\Events\Default Work Unit\especial_lista" DurationType="OneShot" DurationMin="1.469705" DurationMax="1.469705"/>
				<Event Id="4159970214" Name="fight_op1" ObjectPath="\Events\Default Work Unit\Eventos Ready Fight\fight_op1" DurationType="OneShot" DurationMin="0.541270" DurationMax="0.541270"/>
				<Event Id="4159970213" Name="fight_op2" ObjectPath="\Events\Default Work Unit\Eventos Ready Fight\fight_op2" DurationType="OneShot" DurationMin="0.572200" DurationMax="0.572200"/>
				<Event Id="4159970212" Name="fight_op3" ObjectPath="\Events\Default Work Unit\Eventos Ready Fight\fight_op3" DurationType="OneShot" DurationMin="0.989751" DurationMax="0.989751"/>
				<Event Id="548681567" Name="finish_boss_fight" ObjectPath="\Events\Default Work Unit\finish_boss_fight" DurationType="OneShot" DurationMin="127.135124" DurationMax="127.135124"/>
				<Event Id="3249189695" Name="fuego_empieza" ObjectPath="\Events\Default Work Unit\fuego_empieza" DurationType="Infinite"/>
				<Event Id="3542359744" Name="fuego_termina" ObjectPath="\Events\Default Work Unit\fuego_termina" DurationType="OneShot" DurationMin="0.000000" DurationMax="0.000000"/>
				<Event Id="2311903553" Name="golpear_p1" ObjectPath="\Events\Default Work Unit\golpear_p1" DurationType="OneShot" DurationMin="0.311006" DurationMax="0.389324"/>
				<Event Id="2311903554" Name="golpear_p2" ObjectPath="\Events\Default Work Unit\golpear_p2" DurationType="OneShot" DurationMin="0.000000" DurationMax="0.000000"/>
				<Event Id="928907744" Name="inicia_menu" ObjectPath="\Events\Default Work Unit\inicia_menu" DurationType="OneShot" DurationMin="0.000000" DurationMax="0.000000"/>
				<Event Id="572204020" Name="iniciar_combate" ObjectPath="\Events\Default Work Unit\iniciar_combate" DurationType="Infinite"/>
				<Event Id="2242281495" Name="iniciar_combate_pvp" ObjectPath="\Events\Default Work Unit\iniciar_combate_pvp" DurationType="Infinite"/>
				<Event Id="2658298240" Name="inicio" ObjectPath="\Events\Default Work Unit\inicio" DurationType="Infinite"/>
				<Event Id="2305039898" Name="inicio_controles" ObjectPath="\Events\Default Work Unit\inicio_controles" DurationType="OneShot" DurationMin="0.000000" DurationMax="0.000000"/>
				<Event Id="343221722" Name="inicio_creditos" ObjectPath="\Events\Default Work Unit\inicio_creditos" DurationType="OneShot" DurationMin="0.000000" DurationMax="0.000000"/>
				<Event Id="775054918" Name="inicio_historia" ObjectPath="\Events\Default Work Unit\inicio_historia" DurationType="OneShot" DurationMin="127.135124" DurationMax="127.135124"/>
				<Event Id="2990634451" Name="inicio_pvp" ObjectPath="\Events\Default Work Unit\inicio_pvp" DurationType="OneShot" DurationMin="0.000000" DurationMax="0.000000"/>
				<Event Id="1974158987" Name="inicio_supervivencia" ObjectPath="\Events\Default Work Unit\inicio_supervivencia" DurationType="Infinite"/>
				<Event Id="492541325" Name="jugador_1_bloquear" ObjectPath="\Events\Default Work Unit\jugador_1_bloquear" DurationType="OneShot" DurationMin="0.159138" DurationMax="0.199212"/>
				<Event Id="1119248036" Name="jugador_2_bloquear" ObjectPath="\Events\Default Work Unit\jugador_2_bloquear" DurationType="OneShot" DurationMin="0.000000" DurationMax="0.000000"/>
				<Event Id="3634810774" Name="mover_seleccion" ObjectPath="\Events\Default Work Unit\mover_seleccion" DurationType="OneShot" DurationMin="0.281791" DurationMax="0.281791"/>
				<Event Id="1931278216" Name="moverse" ObjectPath="\Events\Default Work Unit\moverse" DurationType="OneShot" DurationMin="0.202812" DurationMax="0.202812"/>
				<Event Id="284163330" Name="muerte_personaje_op1" ObjectPath="\Events\Default Work Unit\Muerte Personaje\muerte_personaje_op1" DurationType="OneShot" DurationMin="0.405964" DurationMax="0.405964"/>
				<Event Id="3972977933" Name="musica_boss1_op1" ObjectPath="\Events\Default Work Unit\musica_boss1_op1" DurationType="OneShot" DurationMin="127.711273" DurationMax="127.711273"/>
				<Event Id="3972977934" Name="musica_boss1_op2" ObjectPath="\Events\Default Work Unit\musica_boss1_op2" DurationType="OneShot" DurationMin="127.711273" DurationMax="127.711273"/>
				<Event Id="1816189793" Name="parar_ataque_especial_gotica_op1" ObjectPath="\Events\Default Work Unit\Evento Ataque Especial Gotica\parar_ataque_especial_gotica_op1" DurationType="OneShot" DurationMin="0.000000" DurationMax="0.000000"/>
				<Event Id="1816189794" Name="parar_ataque_especial_gotica_op2" ObjectPath="\Events\Default Work Unit\Evento Ataque Especial Gotica\parar_ataque_especial_gotica_op2" DurationType="OneShot" DurationMin="0.000000" DurationMax="0.000000"/>
				<Event Id="4051069527" Name="pasar_dialogo_op1" ObjectPath="\Events\Default Work Unit\Pasar Dialogo\pasar_dialogo_op1" DurationType="OneShot" DurationMin="0.804172" DurationMax="0.804172"/>
				<Event Id="4051069524" Name="pasar_dialogo_op2" ObjectPath="\Events\Default Work Unit\Pasar Dialogo\pasar_dialogo_op2" DurationType="OneShot" DurationMin="0.866032" DurationMax="0.866032"/>
				<Event Id="4051069525" Name="pasar_dialogo_op3" ObjectPath="\Events\Default Work Unit\Pasar Dialogo\pasar_dialogo_op3" DurationType="OneShot" DurationMin="1.128934" DurationMax="1.128934"/>
				<Event Id="2733797788" Name="patear_pelota" ObjectPath="\Events\Default Work Unit\patear_pelota" DurationType="OneShot" DurationMin="0.254807" DurationMax="0.254807"/>
				<Event Id="3092587489" Name="pausa" ObjectPath="\Events\Default Work Unit\pausa" DurationType="OneShot" DurationMin="1.846168" DurationMax="1.846168"/>
				<Event Id="2433235219" Name="perder" ObjectPath="\Events\Default Work Unit\perder" DurationType="OneShot" DurationMin="9.217257" DurationMax="9.217257"/>
				<Event Id="2161557176" Name="perfect" ObjectPath="\Events\Default Work Unit\perfect" DurationType="OneShot" DurationMin="0.000000" DurationMax="0.000000"/>
				<Event Id="2022051578" Name="pvp_ganador" ObjectPath="\Events\Default Work Unit\pvp_ganador" DurationType="OneShot" DurationMin="5.538481" DurationMax="5.538481"/>
				<Event Id="2940502573" Name="ready_op1" ObjectPath="\Events\Default Work Unit\Eventos Ready Fight\ready_op1" DurationType="OneShot" DurationMin="0.773243" DurationMax="0.773243"/>
				<Event Id="2940502574" Name="ready_op2" ObjectPath="\Events\Default Work Unit\Eventos Ready Fight\ready_op2" DurationType="OneShot" DurationMin="0.711383" DurationMax="0.711383"/>
				<Event Id="2940502575" Name="ready_op3" ObjectPath="\Events\Default Work Unit\Eventos Ready Fight\ready_op3" DurationType="OneShot" DurationMin="0.695918" DurationMax="0.695918"/>
				<Event Id="666922721" Name="reiniciar" ObjectPath="\Events\Default Work Unit\reiniciar" DurationType="OneShot" DurationMin="0.000000" DurationMax="0.000000"/>
				<Event Id="1836857536" Name="saltar" ObjectPath="\Events\Default Work Unit\saltar" DurationType="OneShot" DurationMin="0.344422" DurationMax="0.344422"/>
				<Event Id="4154110823" Name="seleccion_de_personaje_op1" ObjectPath="\Events\Default Work Unit\Seleccion De Personajes\seleccion_de_personaje_op1" DurationType="OneShot" DurationMin="0.116508" DurationMax="0.116508"/>
				<Event Id="4154110820" Name="seleccion_de_personaje_op2" ObjectPath="\Events\Default Work Unit\Seleccion De Personajes\seleccion_de_personaje_op2" DurationType="OneShot" DurationMin="2.063673" DurationMax="2.063673"/>
				<Event Id="4154110821" Name="seleccion_de_personaje_op3" ObjectPath="\Events\Default Work Unit\Seleccion De Personajes\seleccion_de_personaje_op3" DurationType="OneShot" DurationMin="0.336689" DurationMax="0.336689"/>
				<Event Id="4154110818" Name="seleccion_de_personaje_op4" ObjectPath="\Events\Default Work Unit\Seleccion De Personajes\seleccion_de_personaje_op4" DurationType="OneShot" DurationMin="0.080567" DurationMax="0.080567"/>
				<Event Id="4154110819" Name="seleccion_de_personaje_op5" ObjectPath="\Events\Default Work Unit\Seleccion De Personajes\seleccion_de_personaje_op5" DurationType="OneShot" DurationMin="0.780590" DurationMax="0.780590"/>
				<Event Id="4154110816" Name="seleccion_de_personaje_op6" ObjectPath="\Events\Default Work Unit\Seleccion De Personajes\seleccion_de_personaje_op6" DurationType="OneShot" DurationMin="1.972018" DurationMax="1.972018"/>
				<Event Id="770618969" Name="seleccionar" ObjectPath="\Events\Default Work Unit\seleccionar" DurationType="OneShot" DurationMin="2.081791" DurationMax="2.081791"/>
				<Event Id="189118561" Name="sonido_de_limusina_op1" ObjectPath="\Events\Default Work Unit\Sonido de Limusina\sonido_de_limusina_op1" DurationType="OneShot" DurationMin="6.427188" DurationMax="6.427188"/>
				<Event Id="189118562" Name="sonido_de_limusina_op2" ObjectPath="\Events\Default Work Unit\Sonido de Limusina\sonido_de_limusina_op2" DurationType="OneShot" DurationMin="14.708005" DurationMax="14.708005"/>
				<Event Id="189118563" Name="sonido_de_limusina_op3" ObjectPath="\Events\Default Work Unit\Sonido de Limusina\sonido_de_limusina_op3" DurationType="OneShot" DurationMin="3.953787" DurationMax="3.953787"/>
				<Event Id="189118564" Name="sonido_de_limusina_op4" ObjectPath="\Events\Default Work Unit\Sonido de Limusina\sonido_de_limusina_op4" DurationType="OneShot" DurationMin="3.575964" DurationMax="3.575964"/>
				<Event Id="189118565" Name="sonido_de_limusina_op5" ObjectPath="\Events\Default Work Unit\Sonido de Limusina\sonido_de_limusina_op5" DurationType="OneShot" DurationMin="2.488730" DurationMax="2.488730"/>
				<Event Id="1702541306" Name="tirar_goma" ObjectPath="\Events\Default Work Unit\tirar_goma" DurationType="OneShot" DurationMin="0.362812" DurationMax="0.362812"/>
				<Event Id="2071188724" Name="tirar_parabola" ObjectPath="\Events\Default Work Unit\tirar_parabola" DurationType="OneShot" DurationMin="0.259138" DurationMax="0.259138"/>
				<Event Id="3411128985" Name="volver_al_menu" ObjectPath="\Events\Default Work Unit\volver_al_menu" DurationType="OneShot" DurationMin="1.846168" DurationMax="1.846168"/>
			</IncludedEvents>
			<IncludedMemoryFiles>
				<File Id="2924607" Language="SFX">
					<ShortName>VictoryStinger2.wav</ShortName>
					<Path>SFX\VictoryStinger2_CA0198D6.wem</Path>
				</File>
				<File Id="22232919" Language="SFX">
					<ShortName>Rubbers'n'battlesb168.wav</ShortName>
					<Path>SFX\Rubbers'n'battlesb168_181A13A0.wem</Path>
				</File>
				<File Id="63029751" Language="SFX">
					<ShortName>Diana al ser golpeada op2.wav</ShortName>
					<Path>SFX\Diana al ser golpeada op2_CA0198D6.wem</Path>
				</File>
				<File Id="73816131" Language="SFX">
					<ShortName>SeleccionDePersonaje_op1.wav</ShortName>
					<Path>SFX\SeleccionDePersonaje_op1_CA0198D6.wem</Path>
				</File>
				<File Id="78379430" Language="SFX">
					<ShortName>Diana al ser golpeada op1.wav</ShortName>
					<Path>SFX\Diana al ser golpeada op1_CA0198D6.wem</Path>
				</File>
				<File Id="80123793" Language="SFX">
					<ShortName>SeleccionDePersonaje_op3.wav</ShortName>
					<Path>SFX\SeleccionDePersonaje_op3_CA0198D6.wem</Path>
				</File>
				<File Id="83002284" Language="SFX">
					<ShortName>damefuegodamedamefuego.wav</ShortName>
					<Path>SFX\damefuegodamedamefuego_181A13A0.wem</Path>
				</File>
				<File Id="121492834" Language="SFX">
					<ShortName>volveramenuprincipaldesdeescape.wav</ShortName>
					<Path>SFX\volveramenuprincipaldesdeescape_CA0198D6.wem</Path>
				</File>
				<File Id="132033056" Language="SFX">
					<ShortName>Sonido De Limusina Op2.wav</ShortName>
					<Path>SFX\Sonido De Limusina Op2_CA0198D6.wem</Path>
				</File>
				<File Id="157416624" Language="SFX">
					<ShortName>Diana al ser golpeada op4.wav</ShortName>
					<Path>SFX\Diana al ser golpeada op4_CA0198D6.wem</Path>
				</File>
				<File Id="162273826" Language="SFX">
					<ShortName>golpe2.wav</ShortName>
					<Path>SFX\golpe2_CA0198D6.wem</Path>
				</File>
				<File Id="199983349" Language="SFX">
					<ShortName>Ataque Especial Tomboy Op2.wav</ShortName>
					<Path>SFX\Ataque Especial Tomboy Op2_CA0198D6.wem</Path>
				</File>
				<File Id="208206010" Language="SFX">
					<ShortName>sonidodeiniciarataqueespecial.wav</ShortName>
					<Path>SFX\sonidodeiniciarataqueespecial_CA0198D6.wem</Path>
				</File>
				<File Id="228423248" Language="SFX">
					<ShortName>Fight Op2.wav</ShortName>
					<Path>SFX\Fight Op2_CA0198D6.wem</Path>
				</File>
				<File Id="232350508" Language="SFX">
					<ShortName>golpe3.wav</ShortName>
					<Path>SFX\golpe3_CA0198D6.wem</Path>
				</File>
				<File Id="257930134" Language="SFX">
					<ShortName>Pasar Dialogo Op3.wav</ShortName>
					<Path>SFX\Pasar Dialogo Op3_CA0198D6.wem</Path>
				</File>
				<File Id="272607660" Language="SFX">
					<ShortName>Ataque Especial Tomboy Op3.wav</ShortName>
					<Path>SFX\Ataque Especial Tomboy Op3_CA0198D6.wem</Path>
				</File>
				<File Id="290122315" Language="SFX">
					<ShortName>Diana al ser golpeada op6.wav</ShortName>
					<Path>SFX\Diana al ser golpeada op6_CA0198D6.wem</Path>
				</File>
				<File Id="324120074" Language="SFX">
					<ShortName>IntroLoop.wav</ShortName>
					<Path>SFX\IntroLoop_F26CE7B0.wem</Path>
				</File>
				<File Id="324710112" Language="SFX">
					<ShortName>golpe1.wav</ShortName>
					<Path>SFX\golpe1_CA0198D6.wem</Path>
				</File>
				<File Id="326601414" Language="SFX">
					<ShortName>SeleccionDePersonaje_op2.wav</ShortName>
					<Path>SFX\SeleccionDePersonaje_op2_CA0198D6.wem</Path>
				</File>
				<File Id="338163884" Language="SFX">
					<ShortName>SeleccionDePersonaje_op4.wav</ShortName>
					<Path>SFX\SeleccionDePersonaje_op4_CA0198D6.wem</Path>
				</File>
				<File Id="346147775" Language="SFX">
					<ShortName>BossTheme5v2 -  - Output - Stereo Out.wav</ShortName>
					<Path>SFX\BossTheme5v2 -  - Output - Stereo Out_181A13A0.wem</Path>
				</File>
				<File Id="353165905" Language="SFX">
					<ShortName>Muerte Personaje Comun Op1.wav</ShortName>
					<Path>SFX\Muerte Personaje Comun Op1_CA0198D6.wem</Path>
				</File>
				<File Id="374588946" Language="SFX">
					<ShortName>Diana al ser golpeada op5.wav</ShortName>
					<Path>SFX\Diana al ser golpeada op5_CA0198D6.wem</Path>
				</File>
				<File Id="381412982" Language="SFX">
					<ShortName>voler_a_menu_inicio.wav</ShortName>
					<Path>SFX\voler_a_menu_inicio_CA0198D6.wem</Path>
				</File>
				<File Id="385197353" Language="SFX">
					<ShortName>especialfantasmas.wav</ShortName>
					<Path>SFX\especialfantasmas_CA0198D6.wem</Path>
				</File>
				<File Id="397892939" Language="SFX">
					<ShortName>Pasar Dialogo Op2.wav</ShortName>
					<Path>SFX\Pasar Dialogo Op2_CA0198D6.wem</Path>
				</File>
				<File Id="408685281" Language="SFX">
					<ShortName>Ataque especial gotica op1.wav</ShortName>
					<Path>SFX\Ataque especial gotica op1_CA0198D6.wem</Path>
				</File>
				<File Id="412410830" Language="SFX">
					<ShortName>Bully's over.wav</ShortName>
					<Path>SFX\Bully's over_181A13A0.wem</Path>
				</File>
				<File Id="423121435" Language="SFX">
					<ShortName>sonidodeselecciondepersonajespvp.wav</ShortName>
					<Path>SFX\sonidodeselecciondepersonajespvp_CA0198D6.wem</Path>
				</File>
				<File Id="461007770" Language="SFX">
					<ShortName>campanaescolar.wav</ShortName>
					<Path>SFX\campanaescolar_CA0198D6.wem</Path>
				</File>
				<File Id="465438016" Language="SFX">
					<ShortName>Ready Op2.wav</ShortName>
					<Path>SFX\Ready Op2_CA0198D6.wem</Path>
				</File>
				<File Id="485758218" Language="SFX">
					<ShortName>golpefinalcaepersonaje3.wav</ShortName>
					<Path>SFX\golpefinalcaepersonaje3_CA0198D6.wem</Path>
				</File>
				<File Id="515398468" Language="SFX">
					<ShortName>Sonido De Limusina Op5.wav</ShortName>
					<Path>SFX\Sonido De Limusina Op5_CA0198D6.wem</Path>
				</File>
				<File Id="523047499" Language="SFX">
					<ShortName>Fight Op1.wav</ShortName>
					<Path>SFX\Fight Op1_CA0198D6.wem</Path>
				</File>
				<File Id="529726793" Language="SFX">
					<ShortName>arrojaravioncito.wav</ShortName>
					<Path>SFX\arrojaravioncito_CA0198D6.wem</Path>
				</File>
				<File Id="532994792" Language="SFX">
					<ShortName>golpefinalcaepersonaje1.wav</ShortName>
					<Path>SFX\golpefinalcaepersonaje1_CA0198D6.wem</Path>
				</File>
				<File Id="543687285" Language="SFX">
					<ShortName>Pasar Dialogo Op1.wav</ShortName>
					<Path>SFX\Pasar Dialogo Op1_CA0198D6.wem</Path>
				</File>
				<File Id="551263504" Language="SFX">
					<ShortName>arrojarboladepapel.wav</ShortName>
					<Path>SFX\arrojarboladepapel_CA0198D6.wem</Path>
				</File>
				<File Id="552985493" Language="SFX">
					<ShortName>Ataque Especial Tomboy Op1.wav</ShortName>
					<Path>SFX\Ataque Especial Tomboy Op1_CA0198D6.wem</Path>
				</File>
				<File Id="567928832" Language="SFX">
					<ShortName>SeleccionDePersonaje_op5.wav</ShortName>
					<Path>SFX\SeleccionDePersonaje_op5_CA0198D6.wem</Path>
				</File>
				<File Id="590325491" Language="SFX">
					<ShortName>Ready Op3.wav</ShortName>
					<Path>SFX\Ready Op3_CA0198D6.wem</Path>
				</File>
				<File Id="596358593" Language="SFX">
					<ShortName>impactobombamolotov.wav</ShortName>
					<Path>SFX\impactobombamolotov_CA0198D6.wem</Path>
				</File>
				<File Id="597020630" Language="SFX">
					<ShortName>BossTheme5 -  - Output - Stereo Out.wav</ShortName>
					<Path>SFX\BossTheme5 -  - Output - Stereo Out_181A13A0.wem</Path>
				</File>
				<File Id="640985106" Language="SFX">
					<ShortName>movimientodashentrecuadradosdepersonaje.wav</ShortName>
					<Path>SFX\movimientodashentrecuadradosdepersonaje_CA0198D6.wem</Path>
				</File>
				<File Id="676051814" Language="SFX">
					<ShortName>Sonido De Limusina Op1.wav</ShortName>
					<Path>SFX\Sonido De Limusina Op1_CA0198D6.wem</Path>
				</File>
				<File Id="717797529" Language="SFX">
					<ShortName>Sonido De Limusina Op4.wav</ShortName>
					<Path>SFX\Sonido De Limusina Op4_CA0198D6.wem</Path>
				</File>
				<File Id="731713535" Language="SFX">
					<ShortName>Diana al ser golpeada op7.wav</ShortName>
					<Path>SFX\Diana al ser golpeada op7_CA0198D6.wem</Path>
				</File>
				<File Id="757378275" Language="SFX">
					<ShortName>sonidodecaidaimpactocontraelsuelo.wav</ShortName>
					<Path>SFX\sonidodecaidaimpactocontraelsuelo_CA0198D6.wem</Path>
				</File>
				<File Id="786303899" Language="SFX">
					<ShortName>SeleccionDePersonaje_op6.wav</ShortName>
					<Path>SFX\SeleccionDePersonaje_op6_CA0198D6.wem</Path>
				</File>
				<File Id="793714700" Language="SFX">
					<ShortName>golpefinalcaepersonaje2.wav</ShortName>
					<Path>SFX\golpefinalcaepersonaje2_CA0198D6.wem</Path>
				</File>
				<File Id="801312740" Language="SFX">
					<ShortName>VictoryStinger.wav</ShortName>
					<Path>SFX\VictoryStinger_CA0198D6.wem</Path>
				</File>
				<File Id="826660059" Language="SFX">
					<ShortName>salto.wav</ShortName>
					<Path>SFX\salto_CA0198D6.wem</Path>
				</File>
				<File Id="841261815" Language="SFX">
					<ShortName>Sonido De Limusina Op3.wav</ShortName>
					<Path>SFX\Sonido De Limusina Op3_CA0198D6.wem</Path>
				</File>
				<File Id="847614260" Language="SFX">
					<ShortName>LostStinger2.wav</ShortName>
					<Path>SFX\LostStinger2_CA0198D6.wem</Path>
				</File>
				<File Id="885526831" Language="SFX">
					<ShortName>salirdepausa.wav</ShortName>
					<Path>SFX\salirdepausa_CA0198D6.wem</Path>
				</File>
				<File Id="903952197" Language="SFX">
					<ShortName>Fight Op3.wav</ShortName>
					<Path>SFX\Fight Op3_CA0198D6.wem</Path>
				</File>
				<File Id="965590129" Language="SFX">
					<ShortName>barraespeciallena.wav</ShortName>
					<Path>SFX\barraespeciallena_CA0198D6.wem</Path>
				</File>
				<File Id="965718914" Language="SFX">
					<ShortName>especialpelota.wav</ShortName>
					<Path>SFX\especialpelota_CA0198D6.wem</Path>
				</File>
				<File Id="991206202" Language="SFX">
					<ShortName>elegiralgunmododebatalla.wav</ShortName>
					<Path>SFX\elegiralgunmododebatalla_CA0198D6.wem</Path>
				</File>
				<File Id="1000310429" Language="SFX">
					<ShortName>sonidodeentrarapausa.wav</ShortName>
					<Path>SFX\sonidodeentrarapausa_CA0198D6.wem</Path>
				</File>
				<File Id="1019753840" Language="SFX">
					<ShortName>Diana al ser golpeada op3.wav</ShortName>
					<Path>SFX\Diana al ser golpeada op3_CA0198D6.wem</Path>
				</File>
				<File Id="1020183471" Language="SFX">
					<ShortName>Ready Op1.wav</ShortName>
					<Path>SFX\Ready Op1_CA0198D6.wem</Path>
				</File>
				<File Id="1035011434" Language="SFX">
					<ShortName>Ataque especial gotica op2.wav</ShortName>
					<Path>SFX\Ataque especial gotica op2_CA0198D6.wem</Path>
				</File>
				<File Id="1055290361" Language="SFX">
					<ShortName>movimiento_entre_opciones_del_menu_inicio.wav</ShortName>
					<Path>SFX\movimiento_entre_opciones_del_menu_inicio_CA0198D6.wem</Path>
				</File>
			</IncludedMemoryFiles>
		</SoundBank>
	</SoundBanks>
</SoundBanksInfo>
